{
    "header": [
        " *   ",
        " *   如非需要调试，本文件可删除",
        " *   非专业人员可将本文件删除",
        " *   详细介绍请参考: https://bazhan.me/faq#INFO-JSON",
        " *   "
    ],
    "resources": [
        {
            "url": "https://js.org/",
            "path": "index.html",
            "saved": true,
            "size": 17297,
            "children": [
                {
                    "url": "https://cdn.carbonads.com/carbon.js?serve=CESD4K3E&placement=jsorg",
                    "path": "js/carbon.js",
                    "saved": true,
                    "size": 14380,
                    "children": []
                },
                {
                    "url": "https://js.org/main.js",
                    "path": "js/main.js",
                    "saved": true,
                    "size": 1330,
                    "children": []
                },
                {
                    "url": "https://js.org/favicon.png",
                    "path": "img/favicon.png",
                    "saved": true,
                    "size": 0,
                    "children": []
                },
                {
                    "url": "https://js.org/ico/favicon-32.png",
                    "path": "img/favicon-32.png",
                    "saved": true,
                    "size": 0,
                    "children": []
                },
                {
                    "url": "https://js.org/ico/favicon.svg",
                    "path": "img/favicon.svg",
                    "saved": true,
                    "size": 0,
                    "children": []
                },
                {
                    "url": "https://js.org/ico/apple-touch-icon.png",
                    "path": "img/apple-touch-icon.png",
                    "saved": true,
                    "size": 0,
                    "children": []
                }
            ]
        }
    ],
    "alias": "js-org-gp9qkygd",
    "info": {
        "request": {
            "headers": {
                "accept": "text/html,*/*",
                "accept-language": "zh-CN,zh;q=0.9",
                "accept-encoding": "gzip",
                "cache-control": "no-cache",
                "cookie": "",
                "referer": "https://js.org/",
                "user-agent": "Mozilla/5.0 (Windows NT 10.0; Win64; x64) AppleWebKit/537.36 (KHTML, like Gecko) Chrome/78.0.3904.108 Safari/537.36",
                "x-scraper-website": "https://bazhan.me/"
            }
        },
        "response": {
            "redirects": [],
            "responseUrl": "https://js.org/",
            "statusCode": 200,
            "headers": {
                "date": "Tue, 24 Aug 2021 02:56:17 GMT",
                "content-type": "text/html; charset=utf-8",
                "transfer-encoding": "chunked",
                "connection": "close",
                "last-modified": "Sun, 25 Jul 2021 17:42:07 GMT",
                "vary": "Accept-Encoding",
                "access-control-allow-origin": "*",
                "etag": "W/\"60fda26f-426e\"",
                "expires": "Tue, 24 Aug 2021 03:06:17 GMT",
                "cache-control": "max-age=600",
                "x-proxy-cache": "MISS",
                "x-github-request-id": "745E:7222:184764F:2287CD9:61245FD1",
                "cf-cache-status": "DYNAMIC",
                "expect-ct": "max-age=604800, report-uri=\"https://report-uri.cloudflare.com/cdn-cgi/beacon/expect-ct\"",
                "report-to": "{\"endpoints\":[{\"url\":\"https:\\/\\/a.nel.cloudflare.com\\/report\\/v3?s=LQ9X50Oqj%2FLBzMWXEmXTNaDwtfQLQZK1TmvKyjKydR1fIow%2BpSFYHTr%2BVvnZaVwPnZN5oM4ay36OGI2S5yhUBTrSJ09Ir%2BVma%2BdumTUR7er%2BH228Gcdlcg%3D%3D\"}],\"group\":\"cf-nel\",\"max_age\":604800}",
                "nel": "{\"success_fraction\":0,\"report_to\":\"cf-nel\",\"max_age\":604800}",
                "server": "cloudflare",
                "cf-ray": "68394e7b4b6e3481-NRT"
            }
        },
        "time": {
            "start": "2021-08-24T02:56:17.042Z",
            "end": "2021-08-24T02:56:18.972Z"
        },
        "remark": [],
        "ip": "104.26.8.84",
        "url": "https://js.org/",
        "main": "index.html",
        "domain": "js.org",
        "origin": "https://js.org",
        "totalSize": "33 kB"
    },
    "options": {
        "formatter": [],
        "url": "https://js.org/",
        "referer": "",
        "cookies": "",
        "userAgent": "Mozilla/5.0 (Windows NT 10.0; Win64; x64) AppleWebKit/537.36 (KHTML, like Gecko) Chrome/78.0.3904.108 Safari/537.36",
        "filenameGenerator": "byType"
    }
}